College,Building,Room,Room Type,Sq. Ft.
Upperclass,1901,212,DOUBLE,378
Upperclass,1901,202,DOUBLE,375
Upperclass,1901,441,DOUBLE,372
Upperclass,1901,117,DOUBLE,370
Upperclass,1901,421,DOUBLE,351
Upperclass,1901,215,DOUBLE,349
Upperclass,1901,203,DOUBLE,345
Upperclass,1901,119,DOUBLE,337
Upperclass,1901,124,DOUBLE,336
Upperclass,1901,102,DOUBLE,335
Upperclass,1901,221,DOUBLE,331
Upperclass,1901,431,DOUBLE,330
Upperclass,1901,322,DOUBLE,296
Upperclass,1901,324,DOUBLE,246
Upperclass,1901,141,QUAD,799
Upperclass,1901,331,QUAD,686
Upperclass,1901,301,QUAD,556
Upperclass,1901,122,QUAD,503
Upperclass,1901,123,QUAD,502
Upperclass,1901,125,QUAD,498
Upperclass,1901,131,QUAD,482
Upperclass,1901,222A,SINGLE,92
Upperclass,1901,222,SINGLE,87
Upperclass,1901,405,SINGLE,196
Upperclass,1901,404,SINGLE,190
Upperclass,1901,402,SINGLE,186
Upperclass,1901,116,SINGLE,183
Upperclass,1901,233,SINGLE,174
Upperclass,1901,201,SINGLE,173
Upperclass,1901,335,SINGLE,158
Upperclass,1901,234,SINGLE,156
Upperclass,1901,103,SINGLE,155
Upperclass,1901,401,SINGLE,154
Upperclass,1901,214,SINGLE,153
Upperclass,1901,213,SINGLE,144
Upperclass,1901,105,SINGLE,142
Upperclass,1901,334,SINGLE,142
Upperclass,1901,232,SINGLE,139
Upperclass,1901,223A,SINGLE,129
Upperclass,1901,321,SINGLE,128
Upperclass,1901,111,SINGLE,122
Upperclass,1901,121,SINGLE,122
Upperclass,1901,332,SINGLE,119
Upperclass,1901,413,TRIPLE,459
Upperclass,1901,101,TRIPLE,444
Upperclass,1901,118,TRIPLE,427
Upperclass,1901,133,TRIPLE,415
Upperclass,1901,403,TRIPLE,414
Upperclass,1901,104,TRIPLE,404
Upperclass,1903,422,DOUBLE,495
Upperclass,1903,141,DOUBLE,378
Upperclass,1903,515,DOUBLE,369
Upperclass,1903,244,DOUBLE,342
Upperclass,1903,432,DOUBLE,332
Upperclass,1903,132,DOUBLE,318
Upperclass,1903,525,DOUBLE,314
Upperclass,1903,504,DOUBLE,309
Upperclass,1903,502,DOUBLE,292
Upperclass,1903,213,DOUBLE,252
Upperclass,1903,501,QUAD,538
Upperclass,1903,236,QUAD,521
Upperclass,1903,123,QUAD,503
Upperclass,1903,402,SINGLE,217
Upperclass,1903,332,SINGLE,185
Upperclass,1903,433,SINGLE,179
Upperclass,1903,224,SINGLE,175
Upperclass,1903,431,SINGLE,171
Upperclass,1903,411,SINGLE,166
Upperclass,1903,142,SINGLE,165
Upperclass,1903,514,SINGLE,163
Upperclass,1903,503,SINGLE,158
Upperclass,1903,242,SINGLE,157
Upperclass,1903,235,SINGLE,149
Upperclass,1903,233,SINGLE,140
Upperclass,1903,333,SINGLE,138
Upperclass,1903,334,SINGLE,124
Upperclass,1903,534,SINGLE,119
Upperclass,1903,533,SINGLE,112
Upperclass,1903,401,TRIPLE,593
Upperclass,1903,413,TRIPLE,557
Upperclass,1903,535,TRIPLE,486
Upperclass,1903,226,TRIPLE,433
Upperclass,1903,512,TRIPLE,424
Upperclass,1903,311,TRIPLE,396
Upperclass,1903,321,TRIPLE,393
Upperclass,1903,324,TRIPLE,389
Upperclass,BROWN,127,QUAD,536
Upperclass,BROWN,427,QUAD,530
Upperclass,BROWN,418,QUAD,523
Upperclass,BROWN,419,QUAD,520
Upperclass,BROWN,228,QUAD,519
Upperclass,BROWN,212,QUAD,518
Upperclass,BROWN,122,QUAD,518
Upperclass,BROWN,412,QUAD,516
Upperclass,BROWN,411,QUAD,512
Upperclass,BROWN,128,QUAD,509
Upperclass,BROWN,428,QUAD,508
Upperclass,BROWN,421,QUAD,507
Upperclass,BROWN,318,QUAD,507
Upperclass,BROWN,227,QUAD,505
Upperclass,BROWN,112,QUAD,505
Upperclass,BROWN,221,QUAD,505
Upperclass,BROWN,320,QUAD,503
Upperclass,BROWN,311,QUAD,502
Upperclass,BROWN,327,QUAD,501
Upperclass,BROWN,211,QUAD,501
Upperclass,BROWN,414,SINGLE,134
Upperclass,BROWN,325,SINGLE,132
Upperclass,BROWN,425,SINGLE,129
Upperclass,BROWN,413,SINGLE,128
Upperclass,BROWN,214,SINGLE,127
Upperclass,BROWN,422,SINGLE,126
Upperclass,BROWN,213,SINGLE,126
Upperclass,BROWN,222,SINGLE,125
Upperclass,BROWN,113,SINGLE,125
Upperclass,BROWN,322,SINGLE,124
Upperclass,BROWN,426,SINGLE,122
Upperclass,BROWN,417,SINGLE,120
Upperclass,BROWN,117,SINGLE,119
Upperclass,BROWN,126,SINGLE,108
Upperclass,BROWN,420,TRIPLE,500
Upperclass,BROWN,312,TRIPLE,500
Upperclass,BROWN,321,TRIPLE,498
Upperclass,BROWN,220,TRIPLE,497
Upperclass,BROWN,111,TRIPLE,497
Upperclass,BROWN,328,TRIPLE,495
Upperclass,BROWN,219,TRIPLE,495
Upperclass,BROWN,319,TRIPLE,490
Upperclass,CUYLER,404,DOUBLE,394
Upperclass,CUYLER,522,DOUBLE,360
Upperclass,CUYLER,511,DOUBLE,351
Upperclass,CUYLER,612,DOUBLE,266
Upperclass,CUYLER,622,DOUBLE,265
Upperclass,CUYLER,623,DOUBLE,257
Upperclass,CUYLER,613,DOUBLE,253
Upperclass,CUYLER,601,QUAD,684
Upperclass,CUYLER,234,QUAD,639
Upperclass,CUYLER,111,QUAD,530
Upperclass,CUYLER,121,QUAD,529
Upperclass,CUYLER,421,QUINT,775
Upperclass,CUYLER,432,SINGLE,164
Upperclass,CUYLER,232,SINGLE,152
Upperclass,CUYLER,634,SINGLE,130
Upperclass,CUYLER,236,SINGLE,127
Upperclass,CUYLER,231,SINGLE,126
Upperclass,CUYLER,434,SINGLE,124
Upperclass,CUYLER,435,SINGLE,120
Upperclass,CUYLER,631,TRIPLE,456
Upperclass,CUYLER,122,TRIPLE,441
Upperclass,CUYLER,611,TRIPLE,439
Upperclass,CUYLER,414,TRIPLE,437
Upperclass,CUYLER,621,TRIPLE,431
Upperclass,CUYLER,321,TRIPLE,429
Upperclass,CUYLER,221,TRIPLE,428
Upperclass,CUYLER,211,TRIPLE,425
Upperclass,CUYLER,322,TRIPLE,416
Upperclass,CUYLER,222,TRIPLE,415
Upperclass,CUYLER,212,TRIPLE,409
Upperclass,CUYLER,422,TRIPLE,396
Upperclass,DOD,303,DOUBLE,260
Upperclass,DOD,213,DOUBLE,260
Upperclass,DOD,313,DOUBLE,260
Upperclass,DOD,300,SINGLE,125
Upperclass,DOD,310,SINGLE,125
Upperclass,DOD,414,SINGLE,125
Upperclass,DOD,314,SINGLE,125
Upperclass,DOD,312,SINGLE,120
Upperclass,DOD,317,SINGLE,120
Upperclass,DOD,401N,TRIPLE,460
Upperclass,DOD,201N,TRIPLE,460
Upperclass,DOD,402S,TRIPLE,460
Upperclass,DOD,101N,TRIPLE,460
Upperclass,DOD,201S,TRIPLE,460
Upperclass,DOD,302N,TRIPLE,460
Upperclass,DOD,301N,TRIPLE,460
Upperclass,DOD,202S,TRIPLE,460
Upperclass,DOD,102S,TRIPLE,460
Upperclass,DOD,401S,TRIPLE,460
Upperclass,DOD,202N,TRIPLE,460
Upperclass,DOD,301S,TRIPLE,460
Upperclass,FEINBERG,402,6PERSON,881
Upperclass,FEINBERG,401,QUAD,881
Upperclass,FEINBERG,1,QUAD,621
Upperclass,FEINBERG,301,QUAD,617
Upperclass,FEINBERG,102,QUAD,614
Upperclass,FEINBERG,201,QUAD,610
Upperclass,FEINBERG,202,QUAD,610
Upperclass,FEINBERG,101,QUAD,609
Upperclass,FEINBERG,302,QUAD,606
Upperclass,FOULKE,101,DOUBLE,434
Upperclass,FOULKE,305,DOUBLE,385
Upperclass,FOULKE,202,DOUBLE,370
Upperclass,FOULKE,331,QUAD,638
Upperclass,FOULKE,341,QUAD,603
Upperclass,FOULKE,222,QUAD,545
Upperclass,FOULKE,133,QUAD,525
Upperclass,FOULKE,102,SINGLE,204
Upperclass,FOULKE,302,SINGLE,188
Upperclass,FOULKE,333,SINGLE,188
Upperclass,FOULKE,303,SINGLE,185
Upperclass,FOULKE,332,SINGLE,184
Upperclass,FOULKE,204,SINGLE,179
Upperclass,FOULKE,301,SINGLE,174
Upperclass,FOULKE,313,SINGLE,173
Upperclass,FOULKE,113,SINGLE,173
Upperclass,FOULKE,205,SINGLE,167
Upperclass,FOULKE,308,SINGLE,166
Upperclass,FOULKE,307,SINGLE,164
Upperclass,FOULKE,132,SINGLE,152
Upperclass,FOULKE,122,SINGLE,151
Upperclass,FOULKE,112,SINGLE,148
Upperclass,FOULKE,201,SINGLE,146
Upperclass,FOULKE,327,SINGLE,112
Upperclass,FOULKE,203,TRIPLE,463
Upperclass,FOULKE,124,TRIPLE,454
Upperclass,FOULKE,312,TRIPLE,453
Upperclass,FOULKE,114,TRIPLE,441
Upperclass,FOULKE,322,TRIPLE,437
Upperclass,FOULKE,304,TRIPLE,431
Upperclass,FOULKE,221,TRIPLE,430
Upperclass,FOULKE,121,TRIPLE,414
Upperclass,FOULKE,311,TRIPLE,414
Upperclass,FOULKE,111,TRIPLE,401
Upperclass,FOULKE,131,TRIPLE,400
Upperclass,FOULKE,326,TRIPLE,386
Upperclass,HENRY,121,DOUBLE,313
Upperclass,HENRY,141,QUAD,642
Upperclass,HENRY,331,QUAD,525
Upperclass,HENRY,133,QUAD,524
Upperclass,HENRY,123,QUAD,523
Upperclass,HENRY,113,QUAD,519
Upperclass,HENRY,114,QUAD,519
Upperclass,HENRY,124,QUAD,518
Upperclass,HENRY,222,SINGLE,93
Upperclass,HENRY,301,SINGLE,216
Upperclass,HENRY,203,SINGLE,209
Upperclass,HENRY,205,SINGLE,198
Upperclass,HENRY,313,SINGLE,194
Upperclass,HENRY,207,SINGLE,193
Upperclass,HENRY,236,SINGLE,181
Upperclass,HENRY,213,SINGLE,179
Upperclass,HENRY,132,SINGLE,176
Upperclass,HENRY,211,SINGLE,175
Upperclass,HENRY,224,SINGLE,167
Upperclass,HENRY,229,SINGLE,166
Upperclass,HENRY,235,SINGLE,164
Upperclass,HENRY,231,SINGLE,144
Upperclass,HENRY,230,SINGLE,143
Upperclass,HENRY,136,SINGLE,142
Upperclass,HENRY,222A,SINGLE,139
Upperclass,HENRY,131,SINGLE,139
Upperclass,HENRY,137,SINGLE,137
Upperclass,HENRY,223,SINGLE,133
Upperclass,HENRY,221,SINGLE,133
Upperclass,HENRY,332,SINGLE,120
Upperclass,HENRY,323,SINGLE,113
Upperclass,HENRY,227,SINGLE,110
Upperclass,HENRY,228,SINGLE,106
Upperclass,HENRY,226,TRIPLE,490
Upperclass,HENRY,134,TRIPLE,473
Upperclass,HENRY,324,TRIPLE,461
Upperclass,HENRY,321,TRIPLE,457
Upperclass,HENRY,232,TRIPLE,454
Upperclass,HENRY,234,TRIPLE,436
Upperclass,HENRY,314,TRIPLE,431
Upperclass,HENRY,311,TRIPLE,407
Upperclass,HENRY,151,TRIPLE,406
Upperclass,HENRY,333,TRIPLE,402
Upperclass,HENRY,212,TRIPLE,401
Upperclass,HENRY,112,TRIPLE,395
Upperclass,HENRY,122,TRIPLE,392
Upperclass,HENRY,111,TRIPLE,388
Upperclass,LAUGHLIN,627,DOUBLE,437
Upperclass,LAUGHLIN,623,DOUBLE,430
Upperclass,LAUGHLIN,633,DOUBLE,409
Upperclass,LAUGHLIN,621,DOUBLE,381
Upperclass,LAUGHLIN,614,DOUBLE,380
Upperclass,LAUGHLIN,512,DOUBLE,377
Upperclass,LAUGHLIN,523,DOUBLE,361
Upperclass,LAUGHLIN,522,DOUBLE,357
Upperclass,LAUGHLIN,612,DOUBLE,349
Upperclass,LAUGHLIN,632,QUAD,621
Upperclass,LAUGHLIN,531,QUINT,768
Upperclass,LAUGHLIN,618,SINGLE,175
Upperclass,LAUGHLIN,533,SINGLE,150
Upperclass,LAUGHLIN,534,SINGLE,138
Upperclass,LAUGHLIN,532,SINGLE,127
Upperclass,LAUGHLIN,617,TRIPLE,485
Upperclass,LAUGHLIN,631,TRIPLE,444
Upperclass,LAUGHLIN,521,TRIPLE,440
Upperclass,LAUGHLIN,511,TRIPLE,436
Upperclass,LAUGHLIN,616,TRIPLE,409
Upperclass,LITTLE,A46,DOUBLE,444
Upperclass,LITTLE,A20,DOUBLE,328
Upperclass,LITTLE,A10,DOUBLE,309
Upperclass,LITTLE,399,QUAD,776
Upperclass,LITTLE,111,QUAD,744
Upperclass,LITTLE,146,QUAD,653
Upperclass,LITTLE,142,QUAD,644
Upperclass,LITTLE,122,QUAD,637
Upperclass,LITTLE,123,QUAD,617
Upperclass,LITTLE,A56,QUAD,610
Upperclass,LITTLE,121,QUAD,600
Upperclass,LITTLE,143,QUAD,595
Upperclass,LITTLE,A40,QUAD,562
Upperclass,LITTLE,134,QUAD,537
Upperclass,LITTLE,A48,QUAD,529
Upperclass,LITTLE,A14,QUAD,522
Upperclass,LITTLE,145,QUAD,521
Upperclass,LITTLE,97,QUAD,519
Upperclass,LITTLE,101,QUAD,512
Upperclass,LITTLE,103,QUAD,512
Upperclass,LITTLE,91,QUAD,509
Upperclass,LITTLE,105,QUAD,508
Upperclass,LITTLE,93,QUAD,508
Upperclass,LITTLE,A54,QUAD,501
Upperclass,LITTLE,131,TRIPLE,464
Upperclass,LOCKHART,121,DOUBLE,384
Upperclass,LOCKHART,103,DOUBLE,380
Upperclass,LOCKHART,113,DOUBLE,377
Upperclass,LOCKHART,423,DOUBLE,350
Upperclass,LOCKHART,201,DOUBLE,338
Upperclass,LOCKHART,421,DOUBLE,302
Upperclass,LOCKHART,431,DOUBLE,283
Upperclass,LOCKHART,432,DOUBLE,248
Upperclass,LOCKHART,232,QUAD,722
Upperclass,LOCKHART,231,QUAD,686
Upperclass,LOCKHART,422,SINGLE,90
Upperclass,LOCKHART,402,SINGLE,249
Upperclass,LOCKHART,111,SINGLE,238
Upperclass,LOCKHART,101,SINGLE,234
Upperclass,LOCKHART,401,SINGLE,219
Upperclass,LOCKHART,411,SINGLE,182
Upperclass,LOCKHART,312,SINGLE,178
Upperclass,LOCKHART,324,SINGLE,177
Upperclass,LOCKHART,114,SINGLE,173
Upperclass,LOCKHART,314,SINGLE,172
Upperclass,LOCKHART,331,SINGLE,170
Upperclass,LOCKHART,104,SINGLE,166
Upperclass,LOCKHART,433,SINGLE,122
Upperclass,LOCKHART,112,SINGLE,112
Upperclass,LOCKHART,102,SINGLE,111
Upperclass,LOCKHART,213,TRIPLE,450
Upperclass,LOCKHART,223,TRIPLE,440
Upperclass,LOCKHART,214,TRIPLE,434
Upperclass,LOCKHART,311,TRIPLE,400
Upperclass,LOCKHART,321,TRIPLE,396
Upperclass,PATTON,307,6PERSON,873
Upperclass,PATTON,41,6PERSON,859
Upperclass,PATTON,T12,6PERSON,1278
Upperclass,PATTON,311,DOUBLE,347
Upperclass,PATTON,308,DOUBLE,327
Upperclass,PATTON,312,DOUBLE,284
Upperclass,PATTON,88,DOUBLE,242
Upperclass,PATTON,313,DOUBLE,234
Upperclass,PATTON,60,QUAD,574
Upperclass,PATTON,T09,SINGLE,155
Upperclass,PATTON,309,SINGLE,152
Upperclass,PATTON,T11,SINGLE,139
Upperclass,PATTON,T10,SINGLE,136
Upperclass,PATTON,87,TRIPLE,472
Upperclass,PATTON,76,TRIPLE,457
Upperclass,PATTON,72,TRIPLE,455
Upperclass,PATTON,62,TRIPLE,449
Upperclass,PATTON,73,TRIPLE,443
Upperclass,PATTON,T06,TRIPLE,442
Upperclass,PATTON,61,TRIPLE,437
Upperclass,PATTON,81,TRIPLE,435
Upperclass,PATTON,90,TRIPLE,431
Upperclass,PATTON,63,TRIPLE,430
Upperclass,PATTON,T03,TRIPLE,419
Upperclass,PYNE,442,DOUBLE,428
Upperclass,PYNE,704,DOUBLE,399
Upperclass,PYNE,621,DOUBLE,353
Upperclass,PYNE,213,DOUBLE,350
Upperclass,PYNE,611,DOUBLE,349
Upperclass,PYNE,322,DOUBLE,348
Upperclass,PYNE,443,DOUBLE,319
Upperclass,PYNE,342,DOUBLE,317
Upperclass,PYNE,142,DOUBLE,295
Upperclass,PYNE,234,DOUBLE,263
Upperclass,PYNE,428,DOUBLE,250
Upperclass,PYNE,435,DOUBLE,247
Upperclass,PYNE,438,DOUBLE,239
Upperclass,PYNE,641,QUAD,588
Upperclass,PYNE,345,QUAD,577
Upperclass,PYNE,602,QUAD,563
Upperclass,PYNE,631A,SINGLE,88
Upperclass,PYNE,631,SINGLE,84
Upperclass,PYNE,230,SINGLE,82
Upperclass,PYNE,735,SINGLE,251
Upperclass,PYNE,603,SINGLE,234
Upperclass,PYNE,321,SINGLE,213
Upperclass,PYNE,613,SINGLE,204
Upperclass,PYNE,414,SINGLE,200
Upperclass,PYNE,617,SINGLE,199
Upperclass,PYNE,616,SINGLE,196
Upperclass,PYNE,632,SINGLE,194
Upperclass,PYNE,601,SINGLE,188
Upperclass,PYNE,433,SINGLE,183
Upperclass,PYNE,741,SINGLE,183
Upperclass,PYNE,421,SINGLE,180
Upperclass,PYNE,411,SINGLE,179
Upperclass,PYNE,413,SINGLE,178
Upperclass,PYNE,721,SINGLE,177
Upperclass,PYNE,731,SINGLE,177
Upperclass,PYNE,334,SINGLE,177
Upperclass,PYNE,612,SINGLE,176
Upperclass,PYNE,223,SINGLE,176
Upperclass,PYNE,412,SINGLE,176
Upperclass,PYNE,431,SINGLE,175
Upperclass,PYNE,324,SINGLE,174
Upperclass,PYNE,714,SINGLE,170
Upperclass,PYNE,325,SINGLE,169
Upperclass,PYNE,705,SINGLE,168
Upperclass,PYNE,717,SINGLE,167
Upperclass,PYNE,315,SINGLE,166
Upperclass,PYNE,424,SINGLE,166
Upperclass,PYNE,715,SINGLE,165
Upperclass,PYNE,719,SINGLE,165
Upperclass,PYNE,423,SINGLE,164
Upperclass,PYNE,712,SINGLE,164
Upperclass,PYNE,225,SINGLE,163
Upperclass,PYNE,701,SINGLE,162
Upperclass,PYNE,702,SINGLE,161
Upperclass,PYNE,742,SINGLE,156
Upperclass,PYNE,615,SINGLE,156
Upperclass,PYNE,727,SINGLE,155
Upperclass,PYNE,703,SINGLE,155
Upperclass,PYNE,434,SINGLE,152
Upperclass,PYNE,643,SINGLE,149
Upperclass,PYNE,716,SINGLE,149
Upperclass,PYNE,733,SINGLE,145
Upperclass,PYNE,732,SINGLE,144
Upperclass,PYNE,743,SINGLE,137
Upperclass,PYNE,432,SINGLE,133
Upperclass,PYNE,725,SINGLE,133
Upperclass,PYNE,724,SINGLE,131
Upperclass,PYNE,436,SINGLE,131
Upperclass,PYNE,437,SINGLE,128
Upperclass,PYNE,626,SINGLE,125
Upperclass,PYNE,441A,SINGLE,124
Upperclass,PYNE,630,SINGLE,121
Upperclass,PYNE,439,SINGLE,117
Upperclass,PYNE,441,SINGLE,115
Upperclass,PYNE,429,SINGLE,113
Upperclass,PYNE,335,SINGLE,113
Upperclass,PYNE,440,SINGLE,103
Upperclass,PYNE,346,SINGLE,101
Upperclass,PYNE,728,TRIPLE,446
Upperclass,PYNE,333,TRIPLE,423
Upperclass,PYNE,323,TRIPLE,414
Upperclass,PYNE,314,TRIPLE,407
Upperclass,PYNE,614,TRIPLE,402
Upperclass,PYNE,718,TRIPLE,389
Upperclass,SCULLY,217,DOUBLE,337
Upperclass,SCULLY,122,DOUBLE,305
Upperclass,SCULLY,149,DOUBLE,280
Upperclass,SCULLY,153,DOUBLE,280
Upperclass,SCULLY,349,DOUBLE,280
Upperclass,SCULLY,253,DOUBLE,280
Upperclass,SCULLY,247,DOUBLE,280
Upperclass,SCULLY,347,DOUBLE,280
Upperclass,SCULLY,249,DOUBLE,280
Upperclass,SCULLY,147,DOUBLE,280
Upperclass,SCULLY,353,DOUBLE,280
Upperclass,SCULLY,270,DOUBLE,278
Upperclass,SCULLY,268,DOUBLE,278
Upperclass,SCULLY,374,DOUBLE,278
Upperclass,SCULLY,372,DOUBLE,278
Upperclass,SCULLY,364,DOUBLE,278
Upperclass,SCULLY,368,DOUBLE,278
Upperclass,SCULLY,370,DOUBLE,278
Upperclass,SCULLY,366,DOUBLE,278
Upperclass,SCULLY,240,QUAD,755
Upperclass,SCULLY,202,QUAD,755
Upperclass,SCULLY,140,QUAD,755
Upperclass,SCULLY,102,QUAD,755
Upperclass,SCULLY,307,QUAD,510
Upperclass,SCULLY,207,QUAD,510
Upperclass,SCULLY,107,QUAD,510
Upperclass,SCULLY,321,SINGLE,182
Upperclass,SCULLY,355,SINGLE,181
Upperclass,SCULLY,154,SINGLE,166
Upperclass,SCULLY,315,SINGLE,166
Upperclass,SCULLY,148,SINGLE,166
Upperclass,SCULLY,152,SINGLE,166
Upperclass,SCULLY,252,SINGLE,166
Upperclass,SCULLY,150,SINGLE,166
Upperclass,SCULLY,127,SINGLE,166
Upperclass,SCULLY,258,SINGLE,166
Upperclass,SCULLY,248,SINGLE,166
Upperclass,SCULLY,358,SINGLE,166
Upperclass,SCULLY,250,SINGLE,166
Upperclass,SCULLY,113,SINGLE,166
Upperclass,SCULLY,254,SINGLE,166
Upperclass,SCULLY,125,SINGLE,166
Upperclass,SCULLY,313,SINGLE,166
Upperclass,SCULLY,156,SINGLE,166
Upperclass,SCULLY,323,SINGLE,166
Upperclass,SCULLY,158,SINGLE,166
Upperclass,SCULLY,361,SINGLE,160
Upperclass,SCULLY,234,SINGLE,148
Upperclass,SCULLY,238,SINGLE,148
Upperclass,SCULLY,212,SINGLE,148
Upperclass,SCULLY,308,SINGLE,148
Upperclass,SCULLY,230,SINGLE,148
Upperclass,SCULLY,216,SINGLE,148
Upperclass,SCULLY,226,SINGLE,148
Upperclass,SCULLY,138,SINGLE,148
Upperclass,SCULLY,208,SINGLE,148
Upperclass,SCULLY,134,SINGLE,148
Upperclass,SCULLY,126,SINGLE,148
Upperclass,SCULLY,224,SINGLE,147
Upperclass,SCULLY,236,SINGLE,147
Upperclass,SCULLY,218,SINGLE,147
Upperclass,SCULLY,124,SINGLE,147
Upperclass,SCULLY,136,SINGLE,147
Upperclass,SCULLY,132,SINGLE,147
Upperclass,SCULLY,106,SINGLE,147
Upperclass,SCULLY,310,SINGLE,147
Upperclass,SCULLY,232,SINGLE,147
Upperclass,SCULLY,336,SINGLE,147
Upperclass,SCULLY,306,SINGLE,147
Upperclass,SCULLY,228,SINGLE,147
Upperclass,SCULLY,110,SINGLE,147
Upperclass,SCULLY,128,SINGLE,147
Upperclass,SCULLY,210,SINGLE,147
Upperclass,SCULLY,242,SINGLE,140
Upperclass,SCULLY,430,SINGLE,134
Upperclass,SCULLY,442,SINGLE,134
Upperclass,SCULLY,445,SINGLE,134
Upperclass,SCULLY,441,SINGLE,134
Upperclass,SCULLY,443,SINGLE,134
Upperclass,SCULLY,439,SINGLE,134
Upperclass,SCULLY,409,SINGLE,134
Upperclass,SCULLY,418,SINGLE,134
Upperclass,SCULLY,447,SINGLE,134
Upperclass,WALKER,221,DOUBLE,364
Upperclass,WALKER,332,DOUBLE,275
Upperclass,WALKER,131,DOUBLE,274
Upperclass,WALKER,301,DOUBLE,246
Upperclass,WALKER,333,DOUBLE,201
Upperclass,WALKER,305,DOUBLE,186
Upperclass,WALKER,302,DOUBLE,186
Upperclass,WALKER,303,DOUBLE,185
Upperclass,WALKER,331,QUAD,755
Upperclass,WALKER,231,QUAD,701
Upperclass,WALKER,322,QUAD,495
Upperclass,WALKER,312,QUAD,476
Upperclass,WALKER,126,SINGLE,99
Upperclass,WALKER,116,SINGLE,99
Upperclass,WALKER,326,SINGLE,231
Upperclass,WALKER,122,SINGLE,219
Upperclass,WALKER,112,SINGLE,219
Upperclass,WALKER,314,SINGLE,213
Upperclass,WALKER,233,SINGLE,208
Upperclass,WALKER,317,SINGLE,202
Upperclass,WALKER,222,SINGLE,202
Upperclass,WALKER,323,SINGLE,199
Upperclass,WALKER,328,SINGLE,199
Upperclass,WALKER,321,SINGLE,194
Upperclass,WALKER,114,SINGLE,189
Upperclass,WALKER,224,SINGLE,188
Upperclass,WALKER,234,SINGLE,183
Upperclass,WALKER,304,SINGLE,183
Upperclass,WALKER,311,SINGLE,181
Upperclass,WALKER,316,SINGLE,181
Upperclass,WALKER,329,SINGLE,181
Upperclass,WALKER,315,SINGLE,179
Upperclass,WALKER,111,SINGLE,178
Upperclass,WALKER,121,SINGLE,177
Upperclass,WALKER,215,SINGLE,177
Upperclass,WALKER,318,SINGLE,176
Upperclass,WALKER,225,SINGLE,176
Upperclass,WALKER,319,SINGLE,176
Upperclass,WALKER,327,SINGLE,175
Upperclass,WALKER,113,SINGLE,171
Upperclass,WALKER,214,SINGLE,164
Upperclass,WALKER,123,SINGLE,161
Upperclass,WALKER,232,SINGLE,160
Upperclass,WALKER,324,SINGLE,158
Upperclass,WALKER,213,SINGLE,157
Upperclass,WALKER,223,SINGLE,152
Upperclass,WALKER,124,SINGLE,151
Upperclass,WALKER,132,SINGLE,151
Upperclass,WALKER,220,SINGLE,148
Upperclass,WALKER,313,SINGLE,146
Upperclass,WALKER,115,SINGLE,105
Upperclass,WALKER,125,SINGLE,100
Upperclass,WALKER,211,TRIPLE,417
Upperclass,WRIGHT,401,DOUBLE,433
Upperclass,WRIGHT,304,DOUBLE,319
Upperclass,WRIGHT,21,DOUBLE,238
Upperclass,WRIGHT,301,QUAD,632
Upperclass,WRIGHT,403,SINGLE,174
Upperclass,WRIGHT,32,TRIPLE,459
Upperclass,WRIGHT,11,TRIPLE,448
Upperclass,WRIGHT,10,TRIPLE,448
Upperclass,WRIGHT,20,TRIPLE,435
Upperclass,WRIGHT,407,TRIPLE,429
Upperclass,WRIGHT,31,TRIPLE,425
